Men's Formal Office Dress Lace Up Derby Shoes,₹899,https://m.media-amazon.com/images/I/61C7sTpovFL._AC_UL320_.jpg
Mens Solid Genuine Leather Monk Shoes (201816FW),₹3,396,https://m.media-amazon.com/images/I/6193ZlMw3lL._AC_UL320_.jpg
Men's Formal Office Meeting Slip On Shoes,₹855,https://m.media-amazon.com/images/I/51Np0ad+qOL._AC_UL320_.jpg
Men's Formal Office Genuine Leather Slip On Shoes,₹1,249,https://m.media-amazon.com/images/I/61ySlXcXc2L._AC_UL320_.jpg
Men's Genuine Leather Textured Formal Dress Slip On Shoes for Office|Work|Loafer|Half Shoes|Cut Shoe,₹1,550,https://m.media-amazon.com/images/I/51ks-pnN-WL._AC_UL320_.jpg
Mens Solid Lace Up Genuine Leather Formal Oxford Shoes (201827FW),₹2,599,https://m.media-amazon.com/images/I/51u55bf3K6L._AC_UL320_.jpg
Mens Smart Casual Derby Leather Shoes,₹2,899,https://m.media-amazon.com/images/I/71ZvUZrCJQL._AC_UL320_.jpg
Men's AARON DERBY E 23 Formal,₹2,135,https://m.media-amazon.com/images/I/718Xy+ee5LL._AC_UL320_.jpg
Men's Party Formal Patent Leather Embossed Buckle Slip On Loafer Shoes|Traditional Wedding Shoes|Tuxedos Dress Shoes,₹1,339,https://m.media-amazon.com/images/I/61--UWmCjFL._AC_UL320_.jpg
Men's BOSTON NEW SLIP ON E Slipon Formal Shoes,₹2,588,https://m.media-amazon.com/images/I/711hM0ekzrL._AC_UL320_.jpg
Men Black Formal Leather Slip-ons,₹3,244,https://m.media-amazon.com/images/I/51S9zKazlPL._AC_UL320_.jpg
Men's Lace-up Derby Formal Shoes | Handmade Dual Tone Patina Finish | Breathable Inner Lining | Comfortable for Business. Casual. Parties (LSSXWC),₹2,499,https://m.media-amazon.com/images/I/61BiI7RsLBL._AC_UL320_.jpg
Mens Solid Lace Up Genuine Leather Derby Shoes (201812FW),₹2,612,https://m.media-amazon.com/images/I/61-VJ+-Aa-L._AC_UL320_.jpg
Men Black Leather Slip-Ons,₹2,599,https://m.media-amazon.com/images/I/51tEujSd8aL._AC_UL320_.jpg
Mens Solid Lace Up Genuine Leather Formal Brogue Shoes (201806FW),₹2,998.71,https://m.media-amazon.com/images/I/61if-8tjT2L._AC_UL320_.jpg
Men's Formal Office Genuine Leather Pointed Toe Slip On Shoes with Comfort EVA Pad Insole,₹1,159,https://m.media-amazon.com/images/I/61yMAyg99KL._AC_UL320_.jpg
Men's Formal Office Work Lace-Up Derby Shoes,₹1,186,https://m.media-amazon.com/images/I/61CLFQf6RkL._AC_UL320_.jpg
Men Brown Formal Leather Cap Toe Oxford Shoes,₹2,949,https://m.media-amazon.com/images/I/51tsJjLDPYL._AC_UL320_.jpg
Men's Party Formal Velvet Horsebit Buckle Slip On Loafer Shoes,₹1,470,https://m.media-amazon.com/images/I/61N4onCjDVL._AC_UL320_.jpg
Mens Formal Slip-on Moccasin Leather Shoes,₹2,799,https://m.media-amazon.com/images/I/51bAQgFa46L._AC_UL320_.jpg
Men's Formal Shoes | Italian Leather Double Monk Strap Handcrafted | Stylish Lace-Up Business. Formal. (LSRXDMJB-),₹2,999,https://m.media-amazon.com/images/I/515y5YR7i9L._AC_UL320_.jpg
Men's Formal Shoes | PU Leather Single Monk Strap | Handmade Patina Finish | Comfortable for Business Casual. Every Day. Parties (LSSXSMTN),₹2,499,https://m.media-amazon.com/images/I/51sKmIgQucL._AC_UL320_.jpg
Men's JAE E Slipon Formal Shoes,₹2,679,https://m.media-amazon.com/images/I/71m4bBtqaGL._AC_UL320_.jpg
Men's AARON PLAIN SLIPON E Formal Shoes,₹2,359,https://m.media-amazon.com/images/I/81w5CUw3EQL._AC_UL320_.jpg
Men Black Formal Leather Slip-ons,₹3,240,https://m.media-amazon.com/images/I/51dmo4dhnIL._AC_UL320_.jpg
Men's Formal Shoes | PU Leather Single Monk Strap | Handmade Patina Finish | Comfortable for Business Casual. Every Day. Parties (LSSXSM),₹2,499,https://m.media-amazon.com/images/I/51skQsy4tYL._AC_UL320_.jpg
Mens Formal Oxford Leather Shoes,₹2,699,https://m.media-amazon.com/images/I/71U8LoQBt-L._AC_UL320_.jpg
Men's Uniform Dress Anti Skid Sole Slip On Formal Shoes for Office|Work|Party,₹890,https://m.media-amazon.com/images/I/5125kqa9fDL._AC_UL320_.jpg
Formal Shoes for Men | Italian Leather Double Monk Strap Handcrafted Shoes | Stylish Lace-Up Business. Formal. Shoes (LSEUWEDMBB-),₹2,979,https://m.media-amazon.com/images/I/51yEj7EGctL._AC_UL320_.jpg
Men's Formal Shoes | Italian Leather Double Monk Strap Handcrafted | Stylish Lace-Up Business. Formal. (LSRXDM),₹2,999,https://m.media-amazon.com/images/I/61k18a7W+fL._AC_UL320_.jpg
Mens Formal Classic Derby Leather Shoes,₹2,899,https://m.media-amazon.com/images/I/71XS5yqhF7L._AC_UL320_.jpg
Men's Formal Shoes | Italian Leather Double Monk Strap Handcrafted | Stylish Lace-Up Business. Formal. (LSRXSM),₹2,499,https://m.media-amazon.com/images/I/513plgPdiUL._AC_UL320_.jpg
Men's Formal Shoes | PU Leather Single Monk Strap | Handmade Patina Finish | Comfortable for Business Casual. Every Day. Parties (LSSXSMBB),₹2,999,https://m.media-amazon.com/images/I/51eK2ZM65JL._AC_UL320_.jpg
Mens Solid Lace Up Genuine Leather Formal Brogue Shoes (201810FW),₹3,779,https://m.media-amazon.com/images/I/616B+r7yZhL._AC_UL320_.jpg
Men Navy Casual Leather Loafers,₹2,849,https://m.media-amazon.com/images/I/41hny4SJA9L._AC_UL320_.jpg
Men's Formal Office Genuine Leather Lace Up Shoes,₹1,260,https://m.media-amazon.com/images/I/617zxFtXRiL._AC_UL320_.jpg
Men Brown Formal Leather Derby Shoes,₹2,249,https://m.media-amazon.com/images/I/51Nx0sEnJOL._AC_UL320_.jpg
Men Formal Black Leather Textured Derby Shoes,₹2,499,https://m.media-amazon.com/images/I/51JpvvEh-qL._AC_UL320_.jpg
Men's EDWARD DERBY E 23 Formal,₹2,399,https://m.media-amazon.com/images/I/51JenxtpGAL._AC_UL320_.jpg
Men's Genuine Leather Textured Formal Slip On Flat Heel Shoes for Office|Work|Broad Feet Formal Shoes,₹1,550,https://m.media-amazon.com/images/I/51sBQk8KTML._AC_UL320_.jpg
Men Black Formal Leather Textured Slip-ons,₹3,244,https://m.media-amazon.com/images/I/51A8gEKQd+L._AC_UL320_.jpg
Oxford Formal Shoes for Men | Lace-Up Derby Style | Italian Leather | Comfortable and Versatile for Business. Casual (RXCT),₹2,499,https://m.media-amazon.com/images/I/51Oxm3YpmrL._AC_UL320_.jpg
Men's Patent Leather Party Formal Office Slip On Shoes,₹1,260,https://m.media-amazon.com/images/I/41M59Y7-TlL._AC_UL320_.jpg
mens Lpsccrgil220029 Oxfords,₹2,949,https://m.media-amazon.com/images/I/51KcKg6+piL._AC_UL320_.jpg
Men Formal Brown Leather Oxford,₹2,949,https://m.media-amazon.com/images/I/51-9cMOincL._AC_UL320_.jpg
Men's Formal Wedding Party Double Monk Strap Shoes,₹1,249,https://m.media-amazon.com/images/I/61chtLxu9hL._AC_UL320_.jpg
Men's Formal Lace-up Oxford Shoes | Leatherette Shoes Men. Solid Design | Ideal for Formal. Business Casual. and Parties (LSRGBG__),₹1,499,https://m.media-amazon.com/images/I/61Bgl4pLMaL._AC_UL320_.jpg
Men Formal Brown Leather Oxford,₹2,949,https://m.media-amazon.com/images/I/51GR3P659+L._AC_UL320_.jpg
Men's Formal Office Dress Lace Up Derby Shoes,₹899,https://m.media-amazon.com/images/I/61C7sTpovFL._AC_UL320_.jpg
Mens Solid Genuine Leather Monk Shoes (201816FW),₹3,396,https://m.media-amazon.com/images/I/6193ZlMw3lL._AC_UL320_.jpg
Men's Formal Office Meeting Slip On Shoes,₹855,https://m.media-amazon.com/images/I/51Np0ad+qOL._AC_UL320_.jpg
Men's Formal Office Genuine Leather Slip On Shoes,₹1,249,https://m.media-amazon.com/images/I/61ySlXcXc2L._AC_UL320_.jpg
Men's Genuine Leather Textured Formal Dress Slip On Shoes for Office|Work|Loafer|Half Shoes|Cut Shoe,₹1,550,https://m.media-amazon.com/images/I/51ks-pnN-WL._AC_UL320_.jpg
Mens Solid Lace Up Genuine Leather Formal Oxford Shoes (201827FW),₹2,599,https://m.media-amazon.com/images/I/51u55bf3K6L._AC_UL320_.jpg
Mens Smart Casual Derby Leather Shoes,₹2,899,https://m.media-amazon.com/images/I/71ZvUZrCJQL._AC_UL320_.jpg
Men's AARON DERBY E 23 Formal,₹2,135,https://m.media-amazon.com/images/I/718Xy+ee5LL._AC_UL320_.jpg
Men's Party Formal Patent Leather Embossed Buckle Slip On Loafer Shoes|Traditional Wedding Shoes|Tuxedos Dress Shoes,₹1,339,https://m.media-amazon.com/images/I/61--UWmCjFL._AC_UL320_.jpg
Men's BOSTON NEW SLIP ON E Slipon Formal Shoes,₹2,588,https://m.media-amazon.com/images/I/711hM0ekzrL._AC_UL320_.jpg
Men Black Formal Leather Slip-ons,₹3,244,https://m.media-amazon.com/images/I/51S9zKazlPL._AC_UL320_.jpg
Men's Lace-up Derby Formal Shoes | Handmade Dual Tone Patina Finish | Breathable Inner Lining | Comfortable for Business. Casual. Parties (LSSXWC),₹2,499,https://m.media-amazon.com/images/I/61BiI7RsLBL._AC_UL320_.jpg
Mens Solid Lace Up Genuine Leather Derby Shoes (201812FW),₹2,612,https://m.media-amazon.com/images/I/61-VJ+-Aa-L._AC_UL320_.jpg
Men Black Leather Slip-Ons,₹2,599,https://m.media-amazon.com/images/I/51tEujSd8aL._AC_UL320_.jpg
Mens Solid Lace Up Genuine Leather Formal Brogue Shoes (201806FW),₹2,998.71,https://m.media-amazon.com/images/I/61if-8tjT2L._AC_UL320_.jpg
Men's Formal Office Genuine Leather Pointed Toe Slip On Shoes with Comfort EVA Pad Insole,₹1,159,https://m.media-amazon.com/images/I/61yMAyg99KL._AC_UL320_.jpg
Men's Formal Office Work Lace-Up Derby Shoes,₹1,186,https://m.media-amazon.com/images/I/61CLFQf6RkL._AC_UL320_.jpg
Men Brown Formal Leather Cap Toe Oxford Shoes,₹2,949,https://m.media-amazon.com/images/I/51tsJjLDPYL._AC_UL320_.jpg
Men's Party Formal Velvet Horsebit Buckle Slip On Loafer Shoes,₹1,470,https://m.media-amazon.com/images/I/61N4onCjDVL._AC_UL320_.jpg
Mens Formal Slip-on Moccasin Leather Shoes,₹2,799,https://m.media-amazon.com/images/I/51bAQgFa46L._AC_UL320_.jpg
Men's Formal Shoes | Italian Leather Double Monk Strap Handcrafted | Stylish Lace-Up Business. Formal. (LSRXDMJB-),₹2,999,https://m.media-amazon.com/images/I/515y5YR7i9L._AC_UL320_.jpg
Men's Formal Shoes | PU Leather Single Monk Strap | Handmade Patina Finish | Comfortable for Business Casual. Every Day. Parties (LSSXSMTN),₹2,499,https://m.media-amazon.com/images/I/51sKmIgQucL._AC_UL320_.jpg
Men's JAE E Slipon Formal Shoes,₹2,679,https://m.media-amazon.com/images/I/71m4bBtqaGL._AC_UL320_.jpg
Men's AARON PLAIN SLIPON E Formal Shoes,₹2,359,https://m.media-amazon.com/images/I/81w5CUw3EQL._AC_UL320_.jpg
Men Black Formal Leather Slip-ons,₹3,240,https://m.media-amazon.com/images/I/51dmo4dhnIL._AC_UL320_.jpg
Men's Formal Shoes | PU Leather Single Monk Strap | Handmade Patina Finish | Comfortable for Business Casual. Every Day. Parties (LSSXSM),₹2,499,https://m.media-amazon.com/images/I/51skQsy4tYL._AC_UL320_.jpg
Mens Formal Oxford Leather Shoes,₹2,699,https://m.media-amazon.com/images/I/71U8LoQBt-L._AC_UL320_.jpg
Men's Uniform Dress Anti Skid Sole Slip On Formal Shoes for Office|Work|Party,₹890,https://m.media-amazon.com/images/I/5125kqa9fDL._AC_UL320_.jpg
Formal Shoes for Men | Italian Leather Double Monk Strap Handcrafted Shoes | Stylish Lace-Up Business. Formal. Shoes (LSEUWEDMBB-),₹2,979,https://m.media-amazon.com/images/I/51yEj7EGctL._AC_UL320_.jpg
Men's Formal Shoes | Italian Leather Double Monk Strap Handcrafted | Stylish Lace-Up Business. Formal. (LSRXDM),₹2,999,https://m.media-amazon.com/images/I/61k18a7W+fL._AC_UL320_.jpg
Mens Formal Classic Derby Leather Shoes,₹2,899,https://m.media-amazon.com/images/I/71XS5yqhF7L._AC_UL320_.jpg
Men's Formal Shoes | Italian Leather Double Monk Strap Handcrafted | Stylish Lace-Up Business. Formal. (LSRXSM),₹2,499,https://m.media-amazon.com/images/I/513plgPdiUL._AC_UL320_.jpg
Men's Formal Shoes | PU Leather Single Monk Strap | Handmade Patina Finish | Comfortable for Business Casual. Every Day. Parties (LSSXSMBB),₹2,999,https://m.media-amazon.com/images/I/51eK2ZM65JL._AC_UL320_.jpg
Mens Solid Lace Up Genuine Leather Formal Brogue Shoes (201810FW),₹3,779,https://m.media-amazon.com/images/I/616B+r7yZhL._AC_UL320_.jpg
Men Navy Casual Leather Loafers,₹2,849,https://m.media-amazon.com/images/I/41hny4SJA9L._AC_UL320_.jpg
Men's Formal Office Genuine Leather Lace Up Shoes,₹1,260,https://m.media-amazon.com/images/I/617zxFtXRiL._AC_UL320_.jpg
Men Brown Formal Leather Derby Shoes,₹2,249,https://m.media-amazon.com/images/I/51Nx0sEnJOL._AC_UL320_.jpg
Men Formal Black Leather Textured Derby Shoes,₹2,499,https://m.media-amazon.com/images/I/51JpvvEh-qL._AC_UL320_.jpg
Men's EDWARD DERBY E 23 Formal,₹2,399,https://m.media-amazon.com/images/I/51JenxtpGAL._AC_UL320_.jpg
Men's Genuine Leather Textured Formal Slip On Flat Heel Shoes for Office|Work|Broad Feet Formal Shoes,₹1,550,https://m.media-amazon.com/images/I/51sBQk8KTML._AC_UL320_.jpg
Men Black Formal Leather Textured Slip-ons,₹3,244,https://m.media-amazon.com/images/I/51A8gEKQd+L._AC_UL320_.jpg
Oxford Formal Shoes for Men | Lace-Up Derby Style | Italian Leather | Comfortable and Versatile for Business. Casual (RXCT),₹2,499,https://m.media-amazon.com/images/I/51Oxm3YpmrL._AC_UL320_.jpg
Men's Patent Leather Party Formal Office Slip On Shoes,₹1,260,https://m.media-amazon.com/images/I/41M59Y7-TlL._AC_UL320_.jpg
mens Lpsccrgil220029 Oxfords,₹2,949,https://m.media-amazon.com/images/I/51KcKg6+piL._AC_UL320_.jpg
Men Formal Brown Leather Oxford,₹2,949,https://m.media-amazon.com/images/I/51-9cMOincL._AC_UL320_.jpg
Men's Formal Wedding Party Double Monk Strap Shoes,₹1,249,https://m.media-amazon.com/images/I/61chtLxu9hL._AC_UL320_.jpg
Men's Formal Lace-up Oxford Shoes | Leatherette Shoes Men. Solid Design | Ideal for Formal. Business Casual. and Parties (LSRGBG__),₹1,499,https://m.media-amazon.com/images/I/61Bgl4pLMaL._AC_UL320_.jpg
Men Formal Brown Leather Oxford,₹2,949,https://m.media-amazon.com/images/I/51GR3P659+L._AC_UL320_.jpg
Men's Formal Office Dress Lace Up Derby Shoes,₹899,https://m.media-amazon.com/images/I/61C7sTpovFL._AC_UL320_.jpg
Mens Solid Genuine Leather Monk Shoes (201816FW),₹3,396,https://m.media-amazon.com/images/I/6193ZlMw3lL._AC_UL320_.jpg
Men's Formal Office Meeting Slip On Shoes,₹855,https://m.media-amazon.com/images/I/51Np0ad+qOL._AC_UL320_.jpg
Men's Formal Office Genuine Leather Slip On Shoes,₹1,249,https://m.media-amazon.com/images/I/61ySlXcXc2L._AC_UL320_.jpg
Men's Genuine Leather Textured Formal Dress Slip On Shoes for Office|Work|Loafer|Half Shoes|Cut Shoe,₹1,550,https://m.media-amazon.com/images/I/51ks-pnN-WL._AC_UL320_.jpg
Mens Solid Lace Up Genuine Leather Formal Oxford Shoes (201827FW),₹2,599,https://m.media-amazon.com/images/I/51u55bf3K6L._AC_UL320_.jpg
Mens Smart Casual Derby Leather Shoes,₹2,899,https://m.media-amazon.com/images/I/71ZvUZrCJQL._AC_UL320_.jpg
Men's AARON DERBY E 23 Formal,₹2,135,https://m.media-amazon.com/images/I/718Xy+ee5LL._AC_UL320_.jpg
Men's Party Formal Patent Leather Embossed Buckle Slip On Loafer Shoes|Traditional Wedding Shoes|Tuxedos Dress Shoes,₹1,339,https://m.media-amazon.com/images/I/61--UWmCjFL._AC_UL320_.jpg
Men's BOSTON NEW SLIP ON E Slipon Formal Shoes,₹2,588,https://m.media-amazon.com/images/I/711hM0ekzrL._AC_UL320_.jpg
Men Black Formal Leather Slip-ons,₹3,244,https://m.media-amazon.com/images/I/51S9zKazlPL._AC_UL320_.jpg
Men's Lace-up Derby Formal Shoes | Handmade Dual Tone Patina Finish | Breathable Inner Lining | Comfortable for Business. Casual. Parties (LSSXWC),₹2,499,https://m.media-amazon.com/images/I/61BiI7RsLBL._AC_UL320_.jpg
Mens Solid Lace Up Genuine Leather Derby Shoes (201812FW),₹2,612,https://m.media-amazon.com/images/I/61-VJ+-Aa-L._AC_UL320_.jpg
Men Black Leather Slip-Ons,₹2,599,https://m.media-amazon.com/images/I/51tEujSd8aL._AC_UL320_.jpg
Mens Solid Lace Up Genuine Leather Formal Brogue Shoes (201806FW),₹2,998.71,https://m.media-amazon.com/images/I/61if-8tjT2L._AC_UL320_.jpg
Men's Formal Office Genuine Leather Pointed Toe Slip On Shoes with Comfort EVA Pad Insole,₹1,159,https://m.media-amazon.com/images/I/61yMAyg99KL._AC_UL320_.jpg
Men's Formal Office Work Lace-Up Derby Shoes,₹1,186,https://m.media-amazon.com/images/I/61CLFQf6RkL._AC_UL320_.jpg
Men Brown Formal Leather Cap Toe Oxford Shoes,₹2,949,https://m.media-amazon.com/images/I/51tsJjLDPYL._AC_UL320_.jpg
Men's Party Formal Velvet Horsebit Buckle Slip On Loafer Shoes,₹1,470,https://m.media-amazon.com/images/I/61N4onCjDVL._AC_UL320_.jpg
Mens Formal Slip-on Moccasin Leather Shoes,₹2,799,https://m.media-amazon.com/images/I/51bAQgFa46L._AC_UL320_.jpg
Men's Formal Shoes | Italian Leather Double Monk Strap Handcrafted | Stylish Lace-Up Business. Formal. (LSRXDMJB-),₹2,999,https://m.media-amazon.com/images/I/515y5YR7i9L._AC_UL320_.jpg
Men's Formal Shoes | PU Leather Single Monk Strap | Handmade Patina Finish | Comfortable for Business Casual. Every Day. Parties (LSSXSMTN),₹2,499,https://m.media-amazon.com/images/I/51sKmIgQucL._AC_UL320_.jpg
Men's JAE E Slipon Formal Shoes,₹2,679,https://m.media-amazon.com/images/I/71m4bBtqaGL._AC_UL320_.jpg
Men's AARON PLAIN SLIPON E Formal Shoes,₹2,359,https://m.media-amazon.com/images/I/81w5CUw3EQL._AC_UL320_.jpg
Men Black Formal Leather Slip-ons,₹3,240,https://m.media-amazon.com/images/I/51dmo4dhnIL._AC_UL320_.jpg
Men's Formal Shoes | PU Leather Single Monk Strap | Handmade Patina Finish | Comfortable for Business Casual. Every Day. Parties (LSSXSM),₹2,499,https://m.media-amazon.com/images/I/51skQsy4tYL._AC_UL320_.jpg
Mens Formal Oxford Leather Shoes,₹2,699,https://m.media-amazon.com/images/I/71U8LoQBt-L._AC_UL320_.jpg
Men's Uniform Dress Anti Skid Sole Slip On Formal Shoes for Office|Work|Party,₹890,https://m.media-amazon.com/images/I/5125kqa9fDL._AC_UL320_.jpg
Formal Shoes for Men | Italian Leather Double Monk Strap Handcrafted Shoes | Stylish Lace-Up Business. Formal. Shoes (LSEUWEDMBB-),₹2,979,https://m.media-amazon.com/images/I/51yEj7EGctL._AC_UL320_.jpg
Men's Formal Shoes | Italian Leather Double Monk Strap Handcrafted | Stylish Lace-Up Business. Formal. (LSRXDM),₹2,999,https://m.media-amazon.com/images/I/61k18a7W+fL._AC_UL320_.jpg
Mens Formal Classic Derby Leather Shoes,₹2,899,https://m.media-amazon.com/images/I/71XS5yqhF7L._AC_UL320_.jpg
Men's Formal Shoes | Italian Leather Double Monk Strap Handcrafted | Stylish Lace-Up Business. Formal. (LSRXSM),₹2,499,https://m.media-amazon.com/images/I/513plgPdiUL._AC_UL320_.jpg
Men's Formal Shoes | PU Leather Single Monk Strap | Handmade Patina Finish | Comfortable for Business Casual. Every Day. Parties (LSSXSMBB),₹2,999,https://m.media-amazon.com/images/I/51eK2ZM65JL._AC_UL320_.jpg
Mens Solid Lace Up Genuine Leather Formal Brogue Shoes (201810FW),₹3,779,https://m.media-amazon.com/images/I/616B+r7yZhL._AC_UL320_.jpg
Men Navy Casual Leather Loafers,₹2,849,https://m.media-amazon.com/images/I/41hny4SJA9L._AC_UL320_.jpg
Men's Formal Office Genuine Leather Lace Up Shoes,₹1,260,https://m.media-amazon.com/images/I/617zxFtXRiL._AC_UL320_.jpg
Men Brown Formal Leather Derby Shoes,₹2,249,https://m.media-amazon.com/images/I/51Nx0sEnJOL._AC_UL320_.jpg
Men Formal Black Leather Textured Derby Shoes,₹2,499,https://m.media-amazon.com/images/I/51JpvvEh-qL._AC_UL320_.jpg
Men's EDWARD DERBY E 23 Formal,₹2,399,https://m.media-amazon.com/images/I/51JenxtpGAL._AC_UL320_.jpg
Men's Genuine Leather Textured Formal Slip On Flat Heel Shoes for Office|Work|Broad Feet Formal Shoes,₹1,550,https://m.media-amazon.com/images/I/51sBQk8KTML._AC_UL320_.jpg
Men Black Formal Leather Textured Slip-ons,₹3,244,https://m.media-amazon.com/images/I/51A8gEKQd+L._AC_UL320_.jpg
Oxford Formal Shoes for Men | Lace-Up Derby Style | Italian Leather | Comfortable and Versatile for Business. Casual (RXCT),₹2,499,https://m.media-amazon.com/images/I/51Oxm3YpmrL._AC_UL320_.jpg
Men's Patent Leather Party Formal Office Slip On Shoes,₹1,260,https://m.media-amazon.com/images/I/41M59Y7-TlL._AC_UL320_.jpg
mens Lpsccrgil220029 Oxfords,₹2,949,https://m.media-amazon.com/images/I/51KcKg6+piL._AC_UL320_.jpg
Men Formal Brown Leather Oxford,₹2,949,https://m.media-amazon.com/images/I/51-9cMOincL._AC_UL320_.jpg
Men's Formal Wedding Party Double Monk Strap Shoes,₹1,249,https://m.media-amazon.com/images/I/61chtLxu9hL._AC_UL320_.jpg
Men's Formal Lace-up Oxford Shoes | Leatherette Shoes Men. Solid Design | Ideal for Formal. Business Casual. and Parties (LSRGBG__),₹1,499,https://m.media-amazon.com/images/I/61Bgl4pLMaL._AC_UL320_.jpg
Men Formal Brown Leather Oxford,₹2,949,https://m.media-amazon.com/images/I/51GR3P659+L._AC_UL320_.jpg
Men's Formal Office Dress Lace Up Derby Shoes,₹899,https://m.media-amazon.com/images/I/61C7sTpovFL._AC_UL320_.jpg
Mens Solid Genuine Leather Monk Shoes (201816FW),₹3,396,https://m.media-amazon.com/images/I/6193ZlMw3lL._AC_UL320_.jpg
Men's Formal Office Meeting Slip On Shoes,₹855,https://m.media-amazon.com/images/I/51Np0ad+qOL._AC_UL320_.jpg
Men's Formal Office Genuine Leather Slip On Shoes,₹1,249,https://m.media-amazon.com/images/I/61ySlXcXc2L._AC_UL320_.jpg
Men's Genuine Leather Textured Formal Dress Slip On Shoes for Office|Work|Loafer|Half Shoes|Cut Shoe,₹1,550,https://m.media-amazon.com/images/I/51ks-pnN-WL._AC_UL320_.jpg
Mens Solid Lace Up Genuine Leather Formal Oxford Shoes (201827FW),₹2,599,https://m.media-amazon.com/images/I/51u55bf3K6L._AC_UL320_.jpg
Mens Smart Casual Derby Leather Shoes,₹2,899,https://m.media-amazon.com/images/I/71ZvUZrCJQL._AC_UL320_.jpg
Men's AARON DERBY E 23 Formal,₹2,135,https://m.media-amazon.com/images/I/718Xy+ee5LL._AC_UL320_.jpg
Men's Party Formal Patent Leather Embossed Buckle Slip On Loafer Shoes|Traditional Wedding Shoes|Tuxedos Dress Shoes,₹1,339,https://m.media-amazon.com/images/I/61--UWmCjFL._AC_UL320_.jpg
Men's BOSTON NEW SLIP ON E Slipon Formal Shoes,₹2,588,https://m.media-amazon.com/images/I/711hM0ekzrL._AC_UL320_.jpg
Men Black Formal Leather Slip-ons,₹3,244,https://m.media-amazon.com/images/I/51S9zKazlPL._AC_UL320_.jpg
Men's Lace-up Derby Formal Shoes | Handmade Dual Tone Patina Finish | Breathable Inner Lining | Comfortable for Business. Casual. Parties (LSSXWC),₹2,499,https://m.media-amazon.com/images/I/61BiI7RsLBL._AC_UL320_.jpg
Mens Solid Lace Up Genuine Leather Derby Shoes (201812FW),₹2,612,https://m.media-amazon.com/images/I/61-VJ+-Aa-L._AC_UL320_.jpg
Men Black Leather Slip-Ons,₹2,599,https://m.media-amazon.com/images/I/51tEujSd8aL._AC_UL320_.jpg
Mens Solid Lace Up Genuine Leather Formal Brogue Shoes (201806FW),₹2,998.71,https://m.media-amazon.com/images/I/61if-8tjT2L._AC_UL320_.jpg
Men's Formal Office Genuine Leather Pointed Toe Slip On Shoes with Comfort EVA Pad Insole,₹1,159,https://m.media-amazon.com/images/I/61yMAyg99KL._AC_UL320_.jpg
Men's Formal Office Work Lace-Up Derby Shoes,₹1,186,https://m.media-amazon.com/images/I/61CLFQf6RkL._AC_UL320_.jpg
Men Brown Formal Leather Cap Toe Oxford Shoes,₹2,949,https://m.media-amazon.com/images/I/51tsJjLDPYL._AC_UL320_.jpg
Men's Party Formal Velvet Horsebit Buckle Slip On Loafer Shoes,₹1,470,https://m.media-amazon.com/images/I/61N4onCjDVL._AC_UL320_.jpg
Mens Formal Slip-on Moccasin Leather Shoes,₹2,799,https://m.media-amazon.com/images/I/51bAQgFa46L._AC_UL320_.jpg
Men's Formal Shoes | Italian Leather Double Monk Strap Handcrafted | Stylish Lace-Up Business. Formal. (LSRXDMJB-),₹2,999,https://m.media-amazon.com/images/I/515y5YR7i9L._AC_UL320_.jpg
Men's Formal Shoes | PU Leather Single Monk Strap | Handmade Patina Finish | Comfortable for Business Casual. Every Day. Parties (LSSXSMTN),₹2,499,https://m.media-amazon.com/images/I/51sKmIgQucL._AC_UL320_.jpg
Men's JAE E Slipon Formal Shoes,₹2,679,https://m.media-amazon.com/images/I/71m4bBtqaGL._AC_UL320_.jpg
Men's AARON PLAIN SLIPON E Formal Shoes,₹2,359,https://m.media-amazon.com/images/I/81w5CUw3EQL._AC_UL320_.jpg
Men Black Formal Leather Slip-ons,₹3,240,https://m.media-amazon.com/images/I/51dmo4dhnIL._AC_UL320_.jpg
Men's Formal Shoes | PU Leather Single Monk Strap | Handmade Patina Finish | Comfortable for Business Casual. Every Day. Parties (LSSXSM),₹2,499,https://m.media-amazon.com/images/I/51skQsy4tYL._AC_UL320_.jpg
Mens Formal Oxford Leather Shoes,₹2,699,https://m.media-amazon.com/images/I/71U8LoQBt-L._AC_UL320_.jpg
Men's Uniform Dress Anti Skid Sole Slip On Formal Shoes for Office|Work|Party,₹890,https://m.media-amazon.com/images/I/5125kqa9fDL._AC_UL320_.jpg
Formal Shoes for Men | Italian Leather Double Monk Strap Handcrafted Shoes | Stylish Lace-Up Business. Formal. Shoes (LSEUWEDMBB-),₹2,979,https://m.media-amazon.com/images/I/51yEj7EGctL._AC_UL320_.jpg
Men's Formal Shoes | Italian Leather Double Monk Strap Handcrafted | Stylish Lace-Up Business. Formal. (LSRXDM),₹2,999,https://m.media-amazon.com/images/I/61k18a7W+fL._AC_UL320_.jpg
Mens Formal Classic Derby Leather Shoes,₹2,899,https://m.media-amazon.com/images/I/71XS5yqhF7L._AC_UL320_.jpg
Men's Formal Shoes | Italian Leather Double Monk Strap Handcrafted | Stylish Lace-Up Business. Formal. (LSRXSM),₹2,499,https://m.media-amazon.com/images/I/513plgPdiUL._AC_UL320_.jpg
Men's Formal Shoes | PU Leather Single Monk Strap | Handmade Patina Finish | Comfortable for Business Casual. Every Day. Parties (LSSXSMBB),₹2,999,https://m.media-amazon.com/images/I/51eK2ZM65JL._AC_UL320_.jpg
Mens Solid Lace Up Genuine Leather Formal Brogue Shoes (201810FW),₹3,779,https://m.media-amazon.com/images/I/616B+r7yZhL._AC_UL320_.jpg
Men Navy Casual Leather Loafers,₹2,849,https://m.media-amazon.com/images/I/41hny4SJA9L._AC_UL320_.jpg
Men's Formal Office Genuine Leather Lace Up Shoes,₹1,260,https://m.media-amazon.com/images/I/617zxFtXRiL._AC_UL320_.jpg
Men Brown Formal Leather Derby Shoes,₹2,249,https://m.media-amazon.com/images/I/51Nx0sEnJOL._AC_UL320_.jpg
Men Formal Black Leather Textured Derby Shoes,₹2,499,https://m.media-amazon.com/images/I/51JpvvEh-qL._AC_UL320_.jpg
Men's EDWARD DERBY E 23 Formal,₹2,399,https://m.media-amazon.com/images/I/51JenxtpGAL._AC_UL320_.jpg
Men's Genuine Leather Textured Formal Slip On Flat Heel Shoes for Office|Work|Broad Feet Formal Shoes,₹1,550,https://m.media-amazon.com/images/I/51sBQk8KTML._AC_UL320_.jpg
Men Black Formal Leather Textured Slip-ons,₹3,244,https://m.media-amazon.com/images/I/51A8gEKQd+L._AC_UL320_.jpg
Oxford Formal Shoes for Men | Lace-Up Derby Style | Italian Leather | Comfortable and Versatile for Business. Casual (RXCT),₹2,499,https://m.media-amazon.com/images/I/51Oxm3YpmrL._AC_UL320_.jpg
Men's Patent Leather Party Formal Office Slip On Shoes,₹1,260,https://m.media-amazon.com/images/I/41M59Y7-TlL._AC_UL320_.jpg
mens Lpsccrgil220029 Oxfords,₹2,949,https://m.media-amazon.com/images/I/51KcKg6+piL._AC_UL320_.jpg
Men Formal Brown Leather Oxford,₹2,949,https://m.media-amazon.com/images/I/51-9cMOincL._AC_UL320_.jpg
Men's Formal Wedding Party Double Monk Strap Shoes,₹1,249,https://m.media-amazon.com/images/I/61chtLxu9hL._AC_UL320_.jpg
Men's Formal Lace-up Oxford Shoes | Leatherette Shoes Men. Solid Design | Ideal for Formal. Business Casual. and Parties (LSRGBG__),₹1,499,https://m.media-amazon.com/images/I/61Bgl4pLMaL._AC_UL320_.jpg
Men Formal Brown Leather Oxford,₹2,949,https://m.media-amazon.com/images/I/51GR3P659+L._AC_UL320_.jpg
Men's Patent Leather Party Party Wedding Pointed Toe Lace Up Derby Shoes,₹930,https://m.media-amazon.com/images/I/517cSU8pvRL._AC_UL320_.jpg
Men Formal Leather Brogue Derby Shoes,₹2,949,https://m.media-amazon.com/images/I/51owZkamIoL._AC_UL320_.jpg
Men's Genuine Leather Textured Formal Lace Up Derby Shoes for Office|Work,₹1,550,https://m.media-amazon.com/images/I/51w24Rz1UBL._AC_UL320_.jpg
Mens Danny Oxford E Brown Uniform Dress Shoe - 9 UK (8344256090),₹2,679,https://m.media-amazon.com/images/I/71E12LD8dtL._AC_UL320_.jpg
Men Black PU Loafers,₹2,199,https://m.media-amazon.com/images/I/61u7QkBKxKL._AC_UL320_.jpg
mens Lpsccrgil220019 Oxford,₹2,949,https://m.media-amazon.com/images/I/513aJFoDPGL._AC_UL320_.jpg
Mens Danny Oxford E Brown Uniform Dress Shoe - 8 UK (8344256080),₹2,615,https://m.media-amazon.com/images/I/71QA8vuiAWL._AC_UL320_.jpg
Men Formal Brown Leather Oxford Shoes,₹2,949,https://m.media-amazon.com/images/I/518Odc-adsL._AC_UL320_.jpg
Men's Formal Office Work Pointed Toe Slip On Shoes,₹980,https://m.media-amazon.com/images/I/51OVp7YmCUL._AC_UL320_.jpg
Formal Shoes for Men | Italian Leather Double Monk Strap Handcrafted Shoes | Stylish Lace-Up Business. Formal. Shoes (LSEUWEDMTN),₹2,979,https://m.media-amazon.com/images/I/618wL48FyoL._AC_UL320_.jpg
Men's Formal Office Meeting Textured Slip On Shoes,₹900,https://m.media-amazon.com/images/I/61QmTq6yB+L._AC_UL320_.jpg
mens Lpsccrgis220005 Driving Style Loafer,₹2,249,https://m.media-amazon.com/images/I/51Z4-P4RlpL._AC_UL320_.jpg
Men's EDWARD OXFORD E 23 Formal,₹2,619,https://m.media-amazon.com/images/I/61MMtJEC+5L._AC_UL320_.jpg
Black Formal Loafers Shoe for Men (RC3749 001),₹1,935,https://m.media-amazon.com/images/I/712TjwybigL._AC_UL320_.jpg
Men's Formal Derby Boots | PU Leather Lace Up | Comfortable Casual & Formal Shoes | Ideal for Office Wear (LSRGBT-WL),₹2,999,https://m.media-amazon.com/images/I/61igOlRkVfL._AC_UL320_.jpg
Men's Formal Office Dress Comfort Slip On Shoes,₹911,https://m.media-amazon.com/images/I/51aK-n-OAdL._AC_UL320_.jpg
Men's Genuine Leather Textured Formal Lace Up Flat Heel Shoes for Office|Work|Broad Feet Formal Shoes,₹1,670,https://m.media-amazon.com/images/I/51Xz-AxkZiL._AC_UL320_.jpg
Men Black Casual Leather Loafers,₹2,949,https://m.media-amazon.com/images/I/511pXSvDrSL._AC_UL320_.jpg
Men's Formal Lace-up Oxford Shoes for Men | Leatherette Shoes Men. Solid Design | Ideal for Formal. Business Casual. and Parties (LSRGOX__),₹1,499,https://m.media-amazon.com/images/I/61DI20dQOAL._AC_UL320_.jpg
Men Black Formal Leather Monk Shoes,₹2,499,https://m.media-amazon.com/images/I/51I3H+VxBjL._AC_UL320_.jpg
Mens Danny Oxford E Brown Uniform Dress Shoe - 10 UK (8344256100),₹2,679,https://m.media-amazon.com/images/I/815ZDSmipKL._AC_UL320_.jpg
Men's Formal Shoes – PU Leather. Breathable Lining. Moccasins Style | Comfortable for Formal. Business Casual. Parties | Double Tone Finishing (SXMCDS),₹2,499,https://m.media-amazon.com/images/I/61J4m1HMuRL._AC_UL320_.jpg
Men's DANNY SLIPON E Slipon Formal Shoes,₹2,599,https://m.media-amazon.com/images/I/81g5w7mvGaL._AC_UL320_.jpg
Mens Formal Toe Cap Derby Leather Shoes,₹2,899,https://m.media-amazon.com/images/I/71gZNWZTDFL._AC_UL320_.jpg
Men's NICK2 OXFORD E Formal,₹2,495,https://m.media-amazon.com/images/I/71XM4QxNN5L._AC_UL320_.jpg
Mens Formal Leather Monk Strap Shoes,₹2,799,https://m.media-amazon.com/images/I/61UIaCnktLL._AC_UL320_.jpg
Oxford Formal Shoes for Men | Lace-Up Derby Style | Leather | Comfortable and Versatile for Business. Casual Elegant Solid Russet Tan Design | UK Size 12 (RXCTTN-),₹2,999,https://m.media-amazon.com/images/I/51mI4h0wZrL._AC_UL320_.jpg
Men Brown Formal Leather Split Toe Derby Shoes,₹2,949,https://m.media-amazon.com/images/I/51rOZhtOxBL._AC_UL320_.jpg
Men's Formal Office Round Toe Comfort Brogue Lace Up Shoes,₹970,https://m.media-amazon.com/images/I/61nOCyJoriL._AC_UL320_.jpg
Mens Formal Slip-on Leather Shoes,₹2,699,https://m.media-amazon.com/images/I/71O-3hfdG3L._AC_UL320_.jpg
Mens Solid Lace Up Genuine Leather Formal Brogue Shoes (201826FW),₹3,396,https://m.media-amazon.com/images/I/51K5dFPncqL._AC_UL320_.jpg
Men's Genuine Burnish Leather Formal Lace Up Derby Shoes for Office|Work,₹2,300,https://m.media-amazon.com/images/I/51Hgv7Gpm3L._AC_UL320_.jpg
mens Lpsccrgil220004 Oxford,₹2,949,https://m.media-amazon.com/images/I/516aj3EhgqL._AC_UL320_.jpg
Oxford Formal Shoes for Men | Lace-Up Front Cut | Leatherette Shoes Men | Ideal for Business. Casual. Parties (LSRGFC),₹1,499,https://m.media-amazon.com/images/I/61FNz8Iy8TL._AC_UL320_.jpg
Men's Oxford Formal Shoes | Italian Leather Lace-Up | Comfortable for Business. Casual (LSRXOX),₹2,499,https://m.media-amazon.com/images/I/61liqXTgwJL._AC_UL320_.jpg
Mens Solid Lace Up Genuine Leather Derby Shoes (201802FW),₹2,999,https://m.media-amazon.com/images/I/51lIi16CmYL._AC_UL320_.jpg
Genuine Leather Classic Slip On |Formal Shoes for Men for Office | Rubber Sole,₹2,413,https://m.media-amazon.com/images/I/71Pi-+FctjL._AC_UL320_.jpg
Mens Zampa Crust E Tan Brown 1 Uniform Dress Shoe - 7 UK (8243546),₹3,197,https://m.media-amazon.com/images/I/61i7ITaVefL._AC_UL320_.jpg
Men Formal Brown Leather Derby Shoes,₹2,499,https://m.media-amazon.com/images/I/515CqLHVcLL._AC_UL320_.jpg
Men's Genuine Leather Formal Office Pointed Toe Slip On Shoes with Comfort EVA Pad Insole,₹1,270,https://m.media-amazon.com/images/I/61Kg7qM0cZL._AC_UL320_.jpg
Oxford Formal Shoes for Men | Lace-Up Cap Toe | Leatherette Shoes Men | Ideal for Business. Casual. Parties (LSRGCTTN),₹1,499,https://m.media-amazon.com/images/I/61vZxBiDbuL._AC_UL320_.jpg
Men's Formal Office Slip On Shoes,₹799,https://m.media-amazon.com/images/I/61ccgpakBhL._AC_UL320_.jpg
Mens Solid Lace Up Genuine Leather Formal Brogue Shoes (201809FW),₹3,708.92,https://m.media-amazon.com/images/I/61DhcayLt3L._AC_UL320_.jpg
Men Brown Formal Leather Derby Shoes,₹3,240,https://m.media-amazon.com/images/I/516N9vQ-6RL._AC_UL320_.jpg
Mens Newyork - Brogue Uniform Dress Shoe,₹3,577,https://m.media-amazon.com/images/I/71C0Ljr0DHL._AC_UL320_.jpg
Formal Shoes for Men | Handcrafted Derby in Authentic Italian Leather | Unique Design. Lace-Up for Business (LSEUSN),₹2,979,https://m.media-amazon.com/images/I/61VgwnVirNL._AC_UL320_.jpg
Genuine Leather Classic Slip On |Formal Shoes for Men for Office | PU Sole,₹2,173,https://m.media-amazon.com/images/I/81ULrF+RtuL._AC_UL320_.jpg
Men's Patent Leather Party Formal Textured Strip Slip On Shoes,₹1,260,https://m.media-amazon.com/images/I/51z1FrgFlDL._AC_UL320_.jpg
Men's Florian Toe Cap Formal Shoes,₹4,475,https://m.media-amazon.com/images/I/71tskGE6kkL._AC_UL320_.jpg
Basics Men's Formal Office Lace Up Shoes,₹810,https://m.media-amazon.com/images/I/61VC0QU8hnL._AC_UL320_.jpg
Men's CORSO OXFORD Formal,₹2,744,https://m.media-amazon.com/images/I/51kudSxi6-L._AC_UL320_.jpg
Mens Danny Oxford E Brown Uniform Dress Shoe - 7 UK (8344256070),₹2,615,https://m.media-amazon.com/images/I/81LfN6MpBZL._AC_UL320_.jpg
Oxford Formal Shoes for Men | Slip-on Monk Style | Leatherette Shoes Men | Ideal for Business. Casual. Parties (LSRG_FM),₹1,499,https://m.media-amazon.com/images/I/613CWZFScmL._AC_UL320_.jpg
Men's BOSTON DERBY E 23 Formal,₹2,274,https://m.media-amazon.com/images/I/711rgGr2ShL._AC_UL320_.jpg
Men's Brunette Brown Italian Leather Formal Shoes for Men (RXBB),₹2,499,https://m.media-amazon.com/images/I/51p073PWJTL._AC_UL320_.jpg
Men's Patent Leather Party Formal Textured Strip Lace Up Shoes,₹1,260,https://m.media-amazon.com/images/I/419k8FkayML._AC_UL320_.jpg
Mens Loffler Derby E Formal Shoe,₹2,493,https://m.media-amazon.com/images/I/71bk7YrQo1L._AC_UL320_.jpg
Mens Elgar Oxford E Formal Shoes,₹2,500,https://m.media-amazon.com/images/I/81l4zqP-vAL._AC_UL320_.jpg
Genuine Leather Derby Lace Up |Formal Shoes for Men for Office | PU Sole,₹2,365,https://m.media-amazon.com/images/I/81JXZ8WiokL._AC_UL320_.jpg
Men's ZAMPA NEW E Slipon Formal Shoes,₹2,495,https://m.media-amazon.com/images/I/715ys1DEVxL._AC_UL320_.jpg
Men's NEW ZAMPA DERBY E Formal,₹2,761,https://m.media-amazon.com/images/I/71LpU-8a-tL._AC_UL320_.jpg
Men's Formal Lace-up Oxford Shoes for Men | Leatherette Shoes Men. Solid Design | Ideal for Formal. Business Casual. and Parties (LSRGOXBB-),₹1,499,https://m.media-amazon.com/images/I/61i1gQS9VOL._AC_UL320_.jpg
Men's Formal Shoes | PU Leather. Breathable Tassel Moccasins | Comfortable for Business. Casual. and Parties (SXMCTABB),₹2,499,https://m.media-amazon.com/images/I/61P5fw3D7JL._AC_UL320_.jpg
Carnelian Red Premium Handmade Genuine Leather Moccasins Loafers,₹2,979,https://m.media-amazon.com/images/I/61AH6VvkhVL._AC_UL320_.jpg
Men's Formal Shoes | Handcrafted Derby Shoes in Italian Leather | Lace-Up Business. Formal. and Style - Devils Black| UK Size 7 (EUPLDYJB__),₹2,979,https://m.media-amazon.com/images/I/61AH6VvkhVL._AC_UL320_.jpg
Men's Formal Shoes | Handcrafted European Leather Brogues | Lace-Up Style for Business. Formal (IB-KX0Y-QHOZ),₹2,979,https://m.media-amazon.com/images/I/51+rBS9cbbL._AC_UL320_.jpg
Men's Formal Office Textured Side Stitched Genuine Leather Slip On Shoes,₹1,470,https://m.media-amazon.com/images/I/61hRR2GbVwL._AC_UL320_.jpg
Men's Formal Derby Boots | PU Leather Lace Up | Comfortable Casual & Formal Shoes | Ideal for Office Wear (LSRGBT-WLBB),₹2,999,https://m.media-amazon.com/images/I/61q0shxz3OL._AC_UL320_.jpg
